Entidade;Unidade;Cidade
SEBRAE;Sala do Empreendedor e da Cidadania;Agudo
SEBRAE;Sala do Empreendedor - Ajuricaba;Ajuricaba
SEBRAE;Casa do Empreendedor - Alegrete;Alegrete
SEBRAE;Sala do Empreendedor - Alvorada;Alvorada
SEBRAE;Sala do Empreendedor - Antônio Prado;Antônio Prado
SEBRAE;Sala do Empreendedor - Arroio do Padre;Arroio Do Padre
SEBRAE;Sala do Empreendedor - Arroio dos Ratos;Arroio Dos Ratos
SEBRAE;Sala do Empreendedor -  Arroio Grande;Arroio Grande
SEBRAE;Sala do Empreendedor - Augusto Pestana;Augusto Pestana
SEBRAE;Casa do Empreendedor - Bagé;Bagé
SEBRAE;Sala do Empreendedor - Balneário Pinhal;Balneário Pinhal
SEBRAE;Sala do Empreendedor - Barão;Barão
SEBRAE;Sala do Empreendedor - Barra do Ribeiro;Barra Do Ribeiro
SEBRAE;Sala do Empreendedor -  Bento Gonçalves;Bento Gonçalves
SEBRAE;Sala do Empreendedor - Boa Vista do Buricá;Boa Vista Do Buricá
SEBRAE;Sala do Empreendedor - Hortêncio Dutra de Bom Jesus;Bom Jesus
SEBRAE;Sala do Empreendedor - Brochier;Brochier
SEBRAE;Núcleo do Empreendedor - Caçapava do Sul;Caçapava Do Sul
SEBRAE;Sala do Empreendedor - Camaquã;Camaquã
SEBRAE;Sala do Empreendedor - Campina das Missões;Campina Das Missões
SEBRAE;Sala do Empreendedor - Campo Bom;Campo Bom
SEBRAE;Sala do Empreendedor - Cândido Godoi;Cândido Godói
SEBRAE;Sala do Empreendedor - Candiota;Candiota
SEBRAE;Sala do Empreendedor - Canguçu;Canguçu
SEBRAE;Sala do Empreendedor - Canoas;Canoas
SEBRAE;Agência de Atendimento em Canoas;Canoas
SEBRAE;Sala do Empreendedor - Capão da Canoa;Capão Da Canoa
SEBRAE;Sala do Empreendedor - Capão do Leão;Capão Do Leão
SEBRAE;Sala do Empreendedor - Capivari do Sul;Capivari Do Sul
SEBRAE;Sala do Empreendedor - Carazinho;Carazinho
SEBRAE;Sala do Empreendedor - Catuípe;Catuípe
SEBRAE;Sala do Empreendedor -  Caxias do Sul;Caxias Do Sul
SEBRAE;Agência de Atendimento em Caxias do Sul;Caxias Do Sul
SEBRAE;Sala do Empreendedor - Cerro Largo;Cerro Largo
SEBRAE;Sala do Empreendedor - Charqueadas;Charqueadas
SEBRAE;Sala 1 - Chiapetta;Chiapetta
SEBRAE;Sala do Empreendedor - Cidreira;Cidreira
SEBRAE;Sala do Empreendedor - Colorado;Colorado
SEBRAE;Sala do Empreendedor - Condor;Condor
SEBRAE;Sala do Empreendedor - Coronel Barros;Coronel Barros
SEBRAE;Sala do Empreendedor - Coronel Bicaco;Coronel Bicaco
SEBRAE;Sala do Empreendedor - Crissiumal;Crissiumal
SEBRAE;Sala do Empreendedor -  Cristal;Cristal
SEBRAE;Sala do Empreendedor - Cruz Alta;Cruz Alta
SEBRAE;Sala do Empreendedor - Dois Irmãos;Dois Irmãos
SEBRAE;Sala do Empreendedor - Dom Feliciano;Dom Feliciano
SEBRAE;Sala do Empreendedor - Erechim;Erechim
SEBRAE;Agência de Atendimento em Erechim;Erechim
SEBRAE;Espaço do Empreendedor - Estância Velha;Estância Velha
SEBRAE;Escritório do Empreendedor - Esteio;Esteio
SEBRAE;Sala do Empreendedor -  Farroupilha;Farroupilha
SEBRAE;Sala do Empreendedor - Feliz;Feliz
SEBRAE;Sala do Empreendedor - Flores da Cunha;Flores Da Cunha
SEBRAE;Sala do Empreendedor - Frederico Westphalen;Frederico Westphalen
SEBRAE;Sala do Empreendedor - Garibaldi;Garibaldi
SEBRAE;Central do Empreendedor - General Câmara;General Câmara
SEBRAE;Sala do Empreendedor - Giruá;Giruá
SEBRAE;Sala do Empreendedor - Glorinha;Glorinha
SEBRAE;Sala do Empreendedor - Gramado;Gramado
SEBRAE;Agência de Atendimento em Gravataí;Gravataí
SEBRAE;Sala do Empreendedor - Gravataí;Gravataí
SEBRAE;Sala Berço da Revolução Farroupilha - Guaiba;Guaíba
SEBRAE;Sala do Empreendedor - Harmonia;Harmonia
SEBRAE;Sala do Empreendedor - Horizontina;Horizontina
SEBRAE;Sala do Empreendedor - Hulha Negra;Hulha Negra
SEBRAE;Sala do Empreendedor - Humaitá;Humaitá
SEBRAE;Sala de Empreendedor - Ibirubá;Ibirubá
SEBRAE;Sala do Empreendedor -  Igrejinha;Igrejinha
SEBRAE;Agência de Atendimento em Ijuí;Ijuí
SEBRAE;Sala do Empreendedor - Ijuí;Ijuí
SEBRAE;Sala do Empreendedor -  Ivoti;Ivoti
SEBRAE;Sala do Empreendedor - Jaguarão;Jaguarão
SEBRAE;Sala do Empreendedor - Jóia;Jóia
SEBRAE;Sala do Empreendedor - Lagoa Vermelha;Lagoa Vermelha
SEBRAE;Central do Empreendedor - Lajeado;Lajeado
SEBRAE;Agência de Atendimento em Lajeado;Lajeado
SEBRAE;Sala do Empreendedor - Lavras do Sul;Lavras Do Sul
SEBRAE;Balcão do Empreendedor - Mampituba;Mampituba
SEBRAE;Sala do Empreendedor - Marau;Marau
SEBRAE;Sala do Empreendedor - Montenegro;Montenegro
SEBRAE;Sala do Empreendedor - Não Me Toque;Não-me-toque
SEBRAE;Sala do Empreendedor - Nova Esperança do Sul;Nova Esperança Do Sul
SEBRAE;Sala do Empreendedor - Nova Santa Rita;Nova Santa Rita
SEBRAE;Sala do Empreendedor - Novo Hamburgo;Novo Hamburgo
SEBRAE;Agência de Atendimento em Novo Hamburgo;Novo Hamburgo
SEBRAE;Sala do Empreendedor - Palmeira das Missões;Palmeira Das Missões
SEBRAE;Sala do Empreendedor -  Panambi;Panambi
SEBRAE;Sala do Empreendedor - Parobé;Parobé
SEBRAE;Agência de Atendimento em Passo Fundo;Passo Fundo
SEBRAE;Sala do Empreendedor -  Pejuçara;Pejuçara
SEBRAE;Sala do Empreendedor - Pelotas;Pelotas
SEBRAE;Agência de Atendimento em Pelotas;Pelotas
SEBRAE;Sala do Empreendedor - Portão;Portão
SEBRAE;Sala do Empreendedor -  Porto Alegre;Porto Alegre
SEBRAE;Agência de Atendimento em Porto Alegre;Porto Alegre
SEBRAE;Ouvidoria;Porto Alegre
SEBRAE;Sala do Empreendedor - Porto Lucena;Porto Lucena
SEBRAE;Sala do Empreendedor - Porto Mauá;Porto Mauá
SEBRAE;Sala do Empreendedor - Porto Vera Cruz;Porto Vera Cruz
SEBRAE;Sala do Empreendedor - Quaraí;Quaraí
SEBRAE;Sala do Empreendedor -  Redentora;Redentora
SEBRAE;Estação do Empreendedor - Restinga Sêca;Restinga Seca
SEBRAE;Sala do Empreendedor -  Rio Grande;Rio Grande
SEBRAE;Sala do Empreendedor - Rio Pardo;Rio Pardo
SEBRAE;Sala do Empreendedor - Rolador;Rolador
SEBRAE;Recanto do Empreendedor - Rosário do Sul;Rosário Do Sul
SEBRAE;Sala do Empreendedor - Saldanha Marinho;Saldanha Marinho
SEBRAE;Sala do Empreendedor -  Sananduva;Sananduva
SEBRAE;Espaço Empreendedor - Santana do Livramento;Sant'ana Do Livramento
SEBRAE;Agência de Atendimento em Santana do Livramento;Sant'ana Do Livramento
SEBRAE;Sala do Empreendedor - Santa Bárbara do Sul;Santa Bárbara Do Sul
SEBRAE;Sala de Negócios - Santa Clara do Sul;Santa Clara Do Sul
SEBRAE;Agência de Atendimento em Santa Cruz do Sul;Santa Cruz Do Sul
SEBRAE;Poupa Tempo - Santa Maria;Santa Maria
SEBRAE;Agência de Atendimento em Santa Maria;Santa Maria
SEBRAE;Sala do Empreendedor -  Santa Rosa;Santa Rosa
SEBRAE;Sala do Empreendedor - Santa Vitória do Palmar;Santa Vitória Do Palmar
SEBRAE;Sala do Empreendedor - Santiago;Santiago
SEBRAE;Sala do Empreendedor -  Santo Ângelo;Santo Ângelo
SEBRAE;Sala do Empreendedor - Santo Antonio da Patrulha;Santo Antônio Da Patrulha
SEBRAE;Sala do Empreendedor - Santo Antonio das Missões;Santo Antônio Das Missões
SEBRAE;Sala do Empreendedor -  Santo Augusto;Santo Augusto
SEBRAE;Sala do Empreendedor - São Borja;São Borja
SEBRAE;Sala do Empreendedor - São Francisco de Assis;São Francisco De Assis
SEBRAE;Sala do Empreendedor - São Francisco de Paula;São Francisco De Paula
SEBRAE;Sala do Empreendedor - Otélio Drebes;São Jerônimo
SEBRAE;Sala do Empreendedor - São José do Norte;São José Do Norte
SEBRAE;Sala do Empreendedor - São Leopoldo;São Leopoldo
SEBRAE;Agência de Atendimento em São Leopoldo;São Leopoldo
SEBRAE;Sala do Empreendedor -  São Lourenço do Sul;São Lourenço Do Sul
SEBRAE;Sala do Empreendedor - São Luiz Gonzaga;São Luiz Gonzaga
SEBRAE;Sala do Empreendedor - São Marcos;São Marcos
SEBRAE;Sala do Empreendedor - São Paulo das Missões;São Paulo Das Missões
SEBRAE;Sala do Empreendedor - São Pedro do Butiá;São Pedro Do Butiá
SEBRAE;Sala do Empreendedor - Casa da Cidadania;São Sebastião Do Caí
SEBRAE;Sala do Empreendedor - São Sepé;São Sepé
SEBRAE;Sala do Empreendedor - São Vendelino;São Vendelino
SEBRAE;Sala do Empreendedor - São Vandelino;São Vendelino
SEBRAE;Sala do Empreendedor -  Sapiranga;Sapiranga
SEBRAE;Sala do Empreendedor - Sapucaia do Sul;Sapucaia Do Sul
SEBRAE;Sala do Empreendedor - Sarandi;Sarandi
SEBRAE;Sala do Empreendedor - Silveira Martins;Silveira Martins
SEBRAE;Sala do Empreendedor - Soledade;Soledade
SEBRAE;Sala do Empreendedor - Tapejara;Tapejara
SEBRAE;Sala do Empreendedor - Tapera;Tapera
SEBRAE;Sala do Empreendedor -  Tapes;Tapes
SEBRAE;Sala do Empreendedor - Taquara;Taquara
SEBRAE;Sala do Empreendedor - Taquari;Taquari
SEBRAE;Sala do Empreendedor -  Tavares;Tavares
SEBRAE;Sala do Empreendedor - Tenente Portela;Tenente Portela
SEBRAE;Sala do Empreendedor - Teutônia;Teutônia
SEBRAE;Sala do Empreendedor - Torres;Torres
SEBRAE;Sala do Empreendedor - Tramandai;Tramandaí
SEBRAE;Sala do Empreendedor - Travesseiro;Travesseiro
SEBRAE;Sala do Empreendedor - Três de Maio;Três De Maio
SEBRAE;Sala do Empreendedor -  Três Passos;Três Passos
SEBRAE;Espaço Mais Empreendedor - Triunfo;Triunfo
SEBRAE;Sala do Empreendedor - Tupanciretã;Tupanciretã
SEBRAE;Sala do Empreendedor - Tuparendi;Tuparendi
SEBRAE;Sala do Empreendedor - Unistalda;Unistalda
SEBRAE;Sala do Empreendedor - Uruguaiana;Uruguaiana
SEBRAE;Sala do Empreendedor -  Vacaria;Vacaria
SEBRAE;Sala do Empreendedor - Vale Real;Vale Real
SEBRAE;Central do Empreendedor - Venâncio Aires;Venâncio Aires
SEBRAE;Sala do Empreendedor - Viamão;Viamão
SEBRAE;Sala do Empreendedor - Vitória das Missões;Vitória Das Missões
SENAI;SENAI Bagé;Bagé
SENAI;SENAI Madeira e Mobiliário / Giuseppe Fasolo;Bento Gonçalves
SENAI;Instituto SENAI de Tecnologia em Madeira e Mobiliário;Bento Gonçalves
SENAI;SENAI Cachoeira do Sul;Cachoeira do Sul
SENAI;SENAI Cachoeirinha;Cachoeirinha
SENAI;SENAI Cypriano Micheletto;Canoas
SENAI;SENAI Carazinho;Carazinho
SENAI;SENAI Automotivo - Caxias do Sul;Caxias do Sul
SENAI;Instituto SENAI de Tecnologia em Mecatrônica;Caxias do Sul
SENAI;SENAI Nilo Peçanha;Caxias do Sul
SENAI;SENAI Erechim;Erechim
SENAI;Instituto SENAI de Tecnologia em Couro e Calçado;Estância Velha
SENAI;SENAI Nilo Bettanin;Esteio
SENAI;SENAI Farroupilha;Farroupilha
SENAI;SENAI Garibaldi;Garibaldi
SENAI;SENAI Gravataí;Gravataí
SENAI;SENAI Guaporé;Guaporé
SENAI;SENAI Horizontina;Horizontina
SENAI;SENAI Ibirubá;Ibirubá
SENAI;SENAI Igrejinha;Igrejinha
SENAI;SENAI Lajeado;Lajeado
SENAI;SENAI Marau;Marau
SENAI;SENAI Montenegro;Montenegro
SENAI;SENAI Não-Me-Toque;Não-Me-Toque
SENAI;SENAI Nova Prata;Nova Prata
SENAI;SENAI Gustavo Copé;Novo Hamburgo
SENAI;Instituto SENAI em Calçado e Logística Industrial;Novo Hamburgo
SENAI;SENAI Panambi;Panambi
SENAI;SENAI Passo Fundo;Passo Fundo
SENAI;SENAI Pelotas;Pelotas
SENAI;SENAI Artes Gráficas;Porto Alegre
SENAI;SENAI Visconde de Mauá;Porto Alegre
SENAI;SENAI Porto Alegre;Porto Alegre
SENAI;SENAI Automotivo;Porto Alegre
SENAI;SENAI Moda e Design;Porto Alegre
SENAI;Faculdade SENAI;Porto Alegre
SENAI;SENAI Construção Civil;Porto Alegre
SENAI;SENAI Rio Grande;Rio Grande
SENAI;SENAI Santa Cruz do Sul;Santa Cruz do Sul
SENAI;SENAI Santa Maria;Santa Maria
SENAI;SENAI Santa Rosa;Santa Rosa
SENAI;SENAI Lindolfo Collor;São Leopoldo
SENAI;SENAI Plínio Gilberto Kröeff;São Leopoldo
SENAI;SENAI Edmundo Antônio Bins;São Leopoldo
SENAI;Instituto SENAI de Inovação em Engenharia de Polímeros;São Leopoldo
SENAI;Instituto SENAI de Inovação em Sistemas de Sensoriamento;São Leopoldo
SENAI;Instituto SENAI de Tecnologia em Alimentos e Bebidas;São Leopoldo
SENAI;Instituto SENAI de Tecnologia em Petróleo, Gás e Energia;São Leopoldo
SENAI;SENAI São Marcos;São Marcos
SENAI;SENAI São Sebastião do Caí;São Sebastião do Caí
SENAI;SENAI Sapiranga;Sapiranga
SENAI;SENAI Sapucaia do Sul;Sapucaia do Sul
SENAI;SENAI Venâncio Aires;Venâncio Aires
SENAI;SENAI Veranópolis;Veranópolis